{
  "MOT20-01": {
    "features": "MOT20-01_reid_full_pca64.npy",
    "links": 5,
    "MOTA": 29.451434323100155,
    "MOTP": 71.2223560051802,
    "IDF1": 55.78079750501226,
    "IDP": 75.85908422054878,
    "IDR": 44.106693507800706,
    "TP": 8764,
    "FP": 2789,
    "FN": 11106,
    "IDTP": 8764,
    "IDFP": 2789,
    "IDFN": 11106,
    "IDSW": 123,
    "tracks": "/content/DPF-MOT20/results/tracks_probe_relinked/MOT20-01_relinked_smoothed.txt"
  },
  "MOT20-02": {
    "features": "MOT20-02_reid_full_pca64.npy",
    "links": 33,
    "MOTA": 27.91808300267542,
    "MOTP": 71.59705969996863,
    "IDF1": 53.43184666234936,
    "IDP": 76.48808090536961,
    "IDR": 41.05608044357705,
    "TP": 63531,
    "FP": 19529,
    "FN": 91211,
    "IDTP": 63531,
    "IDFP": 19529,
    "IDFN": 91211,
    "IDSW": 801,
    "tracks": "/content/DPF-MOT20/results/tracks_probe_relinked/MOT20-02_relinked_smoothed.txt"
  },
  "MOT20-03": {
    "features": "MOT20-03_reid_full_pca64.npy",
    "links": 167,
    "MOTA": 33.36946610639614,
    "MOTP": 69.4365183911141,
    "IDF1": 57.231241358655296,
    "IDP": 80.25128865979381,
    "IDR": 44.47391745149175,
    "TP": 139496,
    "FP": 34328,
    "FN": 174162,
    "IDTP": 139496,
    "IDFP": 34328,
    "IDFN": 174162,
    "IDSW": 502,
    "tracks": "/content/DPF-MOT20/results/tracks_probe_relinked/MOT20-03_relinked_smoothed.txt"
  },
  "MOT20-05": {
    "features": "MOT20-05_reid_full_pca64.npy",
    "links": 444,
    "MOTA": 31.665954971346533,
    "MOTP": 72.18576779923947,
    "IDF1": 56.920366600174106,
    "IDP": 77.53686406650606,
    "IDR": 44.96460089364177,
    "TP": 290626,
    "FP": 84197,
    "FN": 355718,
    "IDTP": 290626,
    "IDFP": 84197,
    "IDFN": 355718,
    "IDSW": 1758,
    "tracks": "/content/DPF-MOT20/results/tracks_probe_relinked/MOT20-05_relinked_smoothed.txt"
  }
}