{
  "seq": "MOT20-02",
  "runtime_s": 13.53982663154602,
  "lines_raw": 83117,
  "lines_pruned": 83060,
  "stats": {
    "matches": 83494,
    "births": 637,
    "kills": 606
  },
  "features": "MOT20-02_reid_full_pca64.npy",
  "MOTA": 41.22280957981673,
  "MOTP": 81.71573939082731,
  "IDF1": 62.30645663198796,
  "IDP": 89.19215025282928,
  "IDR": 47.87517286838738,
  "TP": 74083,
  "FP": 8977,
  "FN": 80659,
  "IDTP": 74083,
  "IDFP": 8977,
  "IDFN": 80659,
  "IDSW": 1317
}