{
  "seq": "MOT20-03",
  "runtime_s": 56.94295310974121,
  "lines_raw": 174235,
  "lines_pruned": 173824,
  "stats": {
    "matches": 176170,
    "births": 3316,
    "kills": 3123
  },
  "features": "MOT20-03_reid_full_pca64.npy",
  "MOTA": 45.80434741023662,
  "MOTP": 80.80587168736758,
  "IDF1": 65.38826048961808,
  "IDP": 91.68929491899853,
  "IDR": 50.812668575327265,
  "TP": 159378,
  "FP": 14446,
  "FN": 154280,
  "IDTP": 159378,
  "IDFP": 14446,
  "IDFN": 154280,
  "IDSW": 1263
}