Variant,IDF1,MOTA
Online,64.57696351725934,43.98774810170359
Relink,55.841063031547755,30.60123460087956
