{
  "model": "platt_sigmoid",
  "a": -0.4483997376331022,
  "b": 0.03847239300839552,
  "train_samples": 661143,
  "auc_raw": 0.4824194540832605,
  "auc_cal": 0.5175805459167395,
  "brier_raw": 0.8611646799557736,
  "brier_cal": 0.24886533823418058,
  "per_sequence_raw_stats": {
    "MOT20-01": {
      "n": 12610,
      "pos": 11468,
      "neg": 1142,
      "auc_raw": 0.4747196493463576,
      "brier_raw": 0.6341792228390166
    },
    "MOT20-02": {
      "n": 89837,
      "pos": 82378,
      "neg": 7459,
      "auc_raw": 0.4314882325254774,
      "brier_raw": 0.5895900352861293
    },
    "MOT20-03": {
      "n": 177347,
      "pos": 165951,
      "neg": 11396,
      "auc_raw": 0.4861841642713708,
      "brier_raw": 0.9290205078180065
    },
    "MOT20-05": {
      "n": 381349,
      "pos": 345624,
      "neg": 35725,
      "auc_raw": 0.4917409991339565,
      "brier_raw": 0.9010906020469439
    }
  }
}