{
  "a": -0.4483997376331022,
  "b": 0.03847239300839552,
  "formula": "sigmoid(a*score+b)"
}