{
  "seq": "MOT20-01",
  "runtime_s": 1.996236801147461,
  "lines_raw": 11559,
  "lines_pruned": 11553,
  "stats": {
    "matches": 11644,
    "births": 153,
    "kills": 108
  },
  "features": "MOT20-01_reid_full_pca64.npy",
  "MOTA": 44.70558631102164,
  "MOTP": 80.70105827820385,
  "IDF1": 65.52525220379975,
  "IDP": 89.11105340604172,
  "IDR": 51.81177654755913,
  "TP": 10295,
  "FP": 1258,
  "FN": 9575,
  "IDTP": 10295,
  "IDFP": 1258,
  "IDFN": 9575,
  "IDSW": 154
}