{
  "MOT20-01": {
    "features": "MOT20-01_reid_full_pca64.npy",
    "runtime_s": 1.996236801147461,
    "MOTA": 44.70558631102164,
    "MOTP": 80.70105827820385,
    "IDF1": 65.52525220379975,
    "IDP": 89.11105340604172,
    "IDR": 51.81177654755913,
    "TP": 10295,
    "FP": 1258,
    "FN": 9575,
    "IDTP": 10295,
    "IDFP": 1258,
    "IDFN": 9575,
    "IDSW": 154,
    "raw_lines": 11559,
    "pruned_lines": 11553,
    "tracks": "/content/DPF-MOT20/results/tracks_probe/MOT20-01_online_calib_pca_minlen3.txt",
    "preview_head": "/content/DPF-MOT20/results/preview/MOT20-01_preview_online_calib_pca_head.mp4"
  },
  "MOT20-02": {
    "features": "MOT20-02_reid_full_pca64.npy",
    "runtime_s": 13.53982663154602,
    "MOTA": 41.22280957981673,
    "MOTP": 81.71573939082731,
    "IDF1": 62.30645663198796,
    "IDP": 89.19215025282928,
    "IDR": 47.87517286838738,
    "TP": 74083,
    "FP": 8977,
    "FN": 80659,
    "IDTP": 74083,
    "IDFP": 8977,
    "IDFN": 80659,
    "IDSW": 1317,
    "raw_lines": 83117,
    "pruned_lines": 83060,
    "tracks": "/content/DPF-MOT20/results/tracks_probe/MOT20-02_online_calib_pca_minlen3.txt",
    "preview_head": "/content/DPF-MOT20/results/preview/MOT20-02_preview_online_calib_pca_head.mp4"
  },
  "MOT20-03": {
    "features": "MOT20-03_reid_full_pca64.npy",
    "runtime_s": 56.94295310974121,
    "MOTA": 45.80434741023662,
    "MOTP": 80.80587168736758,
    "IDF1": 65.38826048961808,
    "IDP": 91.68929491899853,
    "IDR": 50.812668575327265,
    "TP": 159378,
    "FP": 14446,
    "FN": 154280,
    "IDTP": 159378,
    "IDFP": 14446,
    "IDFN": 154280,
    "IDSW": 1263,
    "raw_lines": 174235,
    "pruned_lines": 173824,
    "tracks": "/content/DPF-MOT20/results/tracks_probe/MOT20-03_online_calib_pca_minlen3.txt",
    "preview_head": "/content/DPF-MOT20/results/preview/MOT20-03_preview_online_calib_pca_head.mp4"
  },
  "MOT20-05": {
    "features": "MOT20-05_reid_full_pca64.npy",
    "runtime_s": 152.2488145828247,
    "MOTA": 44.21824910573936,
    "MOTP": 80.69925880043293,
    "IDF1": 65.08788474363155,
    "IDP": 88.66264877021955,
    "IDR": 51.416583119824736,
    "TP": 332328,
    "FP": 42495,
    "FN": 314016,
    "IDTP": 332328,
    "IDFP": 42495,
    "IDFN": 314016,
    "IDSW": 4031,
    "raw_lines": 375535,
    "pruned_lines": 374823,
    "tracks": "/content/DPF-MOT20/results/tracks_probe/MOT20-05_online_calib_pca_minlen3.txt",
    "preview_head": "/content/DPF-MOT20/results/preview/MOT20-05_preview_online_calib_pca_head.mp4"
  }
}