{
  "seq": "MOT20-05",
  "runtime_s": 152.2488145828247,
  "lines_raw": 375535,
  "lines_pruned": 374823,
  "stats": {
    "matches": 378927,
    "births": 5950,
    "kills": 5627
  },
  "features": "MOT20-05_reid_full_pca64.npy",
  "MOTA": 44.21824910573936,
  "MOTP": 80.69925880043293,
  "IDF1": 65.08788474363155,
  "IDP": 88.66264877021955,
  "IDR": 51.416583119824736,
  "TP": 332328,
  "FP": 42495,
  "FN": 314016,
  "IDTP": 332328,
  "IDFP": 42495,
  "IDFN": 314016,
  "IDSW": 4031
}